,x,y,z
1,492214.098,3968523.21,1301.869
2,492213.485,3968523.568,1301.882
3,492236.005,3968590.268,1304.317
3,492189.902,3968498.882,1299.675
4,492189.847,3968499.1,1299.654
4,492236.013,3968590.25,1304.325
5,492256.297,3968586.547,1305.184
5,492192.078,3968498.936,1299.607
6,492258.298,3968602.418,1305.568
6,492192.573,3968498.581,1299.175
7,492243.82,3968604.655,1305.154
7,492193.423,3968505.401,1301.303
8,492198.539,3968502.114,1303.053
8,492215.582,3968612.274,1304.986
9,492202.385,3968500.706,1302.001
9,492197.083,3968611.948,1304.764
10,492194.285,3968572.185,1302.563
10,492209.175,3968499.551,1301.373
11,492210.05,3968502.761,1301.622
11,492193.265,3968553.24,1301.948
12,492200.793,3968514.063,1301.57
13,492209.125,3968502.295,1301.586
14,492209.109,3968502.269,1301.579
15,492217.268,3968501.899,1301.738
3136,492213.615,3968520.636,1301.928
3137,492213.247,3968519.931,1301.877
3138,492212.204,3968518.887,1301.845
3139,492211.372,3968518.033,1301.805
3140,492214.241,3968520.886,1301.858
3141,492212.73,3968519.238,1301.878
3142,492209.579,3968514.151,1301.757
3143,492208.135,3968512.115,1301.745
3144,492207.892,3968511.713,1301.691
3145,492210.438,3968512.152,1301.763
3146,492211.205,3968512.273,1301.785
3147,492213.332,3968512.547,1301.795
3148,492215.683,3968512.741,1301.831
3149,492218.072,3968512.951,1301.883
3150,492220.909,3968513.154,1301.921
3151,492223.071,3968513.486,1301.985
3152,492223.323,3968513.589,1301.948
3153,492221.553,3968517.687,1301.978
3154,492220.465,3968520.146,1302.025
3155,492220.307,3968522.436,1302.041
3156,492182.077,3968557.55,1301.803
3157,492180.006,3968557.887,1301.847
3158,492177.57,3968558.381,1301.786
3159,492174.892,3968559.129,1301.726
3160,492172.485,3968559.667,1301.715
3161,492169.957,3968560.418,1301.631
3162,492167.374,3968560.913,1301.647
3163,492165.326,3968561.19,1301.533
3164,492162.532,3968561.819,1301.57
3165,492160.53,3968562.192,1301.546
3166,492158.549,3968562.677,1301.535
3167,492156.537,3968563.093,1301.541
3168,492154.476,3968563.494,1301.483
3169,492152.351,3968563.861,1301.461
3170,492149.307,3968564.3,1301.384
3171,492147.209,3968564.643,1301.265
3172,492145.225,3968565.099,1301.256
3173,492143.07,3968565.48,1301.167
3174,492139.975,3968566.076,1301.012
3175,492137.233,3968566.549,1300.888
3176,492134.517,3968567.188,1300.745
3177,492131.644,3968567.721,1300.552
3178,492129.641,3968568.019,1300.508
3179,492127.484,3968568.406,1300.448
3180,492125.4,3968568.891,1300.426
3181,492123.284,3968569.317,1300.415
3182,492121.173,3968569.816,1300.407
3183,492119.242,3968570.512,1300.446
3184,492116.461,3968571.374,1300.451
3185,492114.329,3968572.178,1300.456
3186,492112.241,3968572.942,1300.412
3187,492109.486,3968573.941,1300.362
3188,492106.727,3968574.671,1300.414
3189,492104.449,3968575.234,1300.388
3190,492102.501,3968575.833,1300.348
3191,492100.5,3968576.482,1300.396
3192,492097.631,3968577.472,1300.394
3193,492095.746,3968578.17,1300.432
3194,492093.687,3968578.793,1300.398
3195,492091.76,3968579.414,1300.34
3196,492089.779,3968580.085,1300.225
3197,492087.76,3968580.774,1300.23
3198,492085.763,3968581.517,1300.155
3199,492083.786,3968582.252,1300.183
3200,492081.81,3968582.957,1300.163
3201,492079.711,3968583.793,1300.159
3202,492077.567,3968584.642,1300.152
3203,492075.607,3968585.485,1300.196
3204,492073.713,3968586.364,1300.166
3205,492071.545,3968587.248,1300.196
3206,492069.427,3968588.093,1300.144
3207,492067.263,3968588.734,1300.135
3208,492064.54,3968589.394,1300.108
3209,492062.425,3968589.892,1300.092
3210,492060.369,3968590.638,1300.111
3211,492057.431,3968591.496,1300.056
3212,492054.651,3968592.287,1300.011
3213,492182.024,3968554.262,1301.869
3213,492052.438,3968592.727,1299.926
3214,492049.644,3968593.669,1299.858
3214,492179.254,3968554.612,1301.885
3215,492176.647,3968555.123,1301.879
3215,492047.623,3968594.356,1299.776
3216,492045.564,3968594.987,1299.731
3216,492173.976,3968555.578,1301.778
3217,492171.579,3968556.22,1301.776
3217,492043.513,3968595.703,1299.665
3218,492168.88,3968556.818,1301.691
3218,492041.281,3968596.6,1299.655
3219,492165.994,3968557.361,1301.631
3219,492039.124,3968597.255,1299.583
3220,492163.033,3968558.005,1301.566
3220,492036.78,3968597.939,1299.557
3221,492161.009,3968558.457,1301.551
3221,492034.635,3968598.853,1299.603
3222,492032.254,3968599.621,1299.6
3222,492158.131,3968559.066,1301.54
3223,492029.991,3968600.37,1299.63
3223,492156.159,3968559.533,1301.506
3224,492153.838,3968560.089,1301.486
3224,492027.819,3968601,1299.644
3225,492151.73,3968560.487,1301.477
3225,492025.515,3968601.679,1299.653
3226,492149.648,3968560.955,1301.427
3226,492023.402,3968602.326,1299.634
3227,492147.447,3968561.351,1301.328
3227,492021.369,3968603.341,1299.631
3228,492145.298,3968561.823,1301.284
3228,492019.488,3968604.237,1299.636
3229,492016.772,3968605.099,1299.589
3229,492143.215,3968562.227,1301.186
3230,492015.191,3968603.258,1299.522
3230,492141.126,3968562.612,1301.128
3231,492014.39,3968601.247,1299.36
3231,492138.426,3968562.94,1301.023
3232,492013.752,3968599.266,1299.308
3232,492135.744,3968563.418,1300.896
3233,492013.66,3968597.224,1299.196
3233,492133.074,3968563.944,1300.782
3234,492015.87,3968595.76,1299.217
3234,492130.179,3968564.642,1300.63
3235,492128.122,3968565.198,1300.56
3235,492017.667,3968594.663,1299.165
3236,492019.548,3968593.628,1299.184
3236,492125.343,3968566.05,1300.433
3237,492021.673,3968592.681,1299.165
3237,492123.251,3968566.403,1300.401
3238,492120.351,3968567.107,1300.392
3238,492023.869,3968591.876,1299.187
3239,492118.141,3968567.61,1300.373
3239,492026.003,3968591.199,1299.203
3240,492115.203,3968568.325,1300.323
3240,492028.468,3968590.323,1299.174
3241,492031.105,3968589.443,1299.182
3241,492112.881,3968569.007,1300.276
3242,492033.386,3968588.653,1299.236
3242,492110.231,3968569.845,1300.355
3243,492035.931,3968587.955,1299.228
3243,492107.563,3968570.507,1300.3
3244,492039.472,3968586.597,1299.319
3244,492105.577,3968571.026,1300.349
3245,492041.805,3968585.764,1299.366
3245,492103.426,3968571.594,1300.286
3246,492044.164,3968584.807,1299.383
3246,492100.683,3968572.287,1300.324
3247,492046.868,3968583.739,1299.422
3247,492098.59,3968572.842,1300.338
3248,492096.444,3968573.503,1300.379
3248,492049.247,3968582.843,1299.474
3249,492094.245,3968574.018,1300.366
3249,492051.825,3968582.004,1299.491
3250,492092.101,3968574.766,1300.312
3250,492054.88,3968581.246,1299.556
3251,492089.927,3968575.392,1300.292
3251,492057.61,3968580.622,1299.611
3252,492074.084,3968577.94,1299.92
3253,492074.629,3968577.809,1299.91
3254,492074.898,3968577.649,1299.92
3255,492075.154,3968577.617,1299.881
3256,492075.492,3968577.606,1299.946
3257,492075.825,3968577.588,1299.955
3258,492076.316,3968577.52,1299.939
3259,492076.952,3968577.369,1299.939
3260,492077.47,3968577.284,1299.948
3261,492078.018,3968577.173,1300.026
3262,492078.441,3968577.159,1300.016
3263,492092.788,3968570.019,1300.007
3263,492064.996,3968584.163,1300.063
3264,492095.565,3968569.246,1300.072
3264,492063.026,3968584.982,1300.055
3265,492098.57,3968568.595,1300.106
3265,492061.005,3968585.912,1300.028
3266,492101.411,3968567.885,1300.081
3266,492058.957,3968586.724,1300
3267,492104.303,3968567.306,1300.087
3267,492056.781,3968587.505,1299.92
3268,492053.705,3968588.241,1299.916
3268,492107.095,3968566.695,1300.089
3269,492051.63,3968588.288,1299.918
3269,492109.657,3968566.041,1300.116
3270,492112.514,3968565.524,1300.111
3270,492049.392,3968588.835,1299.819
3271,492181.42,3968551.737,1301.665
3271,492047.199,3968589.457,1299.733
3272,492045.152,3968590.489,1299.684
3272,492181.088,3968548.975,1301.807
3273,492042.947,3968591.323,1299.613
3273,492180.814,3968546.759,1301.8
3274,492040.711,3968592.222,1299.544
3274,492180.605,3968544.389,1301.71
3275,492038.309,3968592.975,1299.508
3275,492180.421,3968542.332,1301.706
3276,492179.955,3968540.357,1301.638
3276,492036.221,3968593.789,1299.552
3277,492033.949,3968594.82,1299.523
3277,492179.741,3968538,1301.615
3278,492031.645,3968595.587,1299.535
3278,492178.927,3968535.739,1301.575
3279,492029.332,3968596.344,1299.523
3279,492176.789,3968535.1,1301.474
3280,492173.475,3968535.398,1301.417
3280,492027.156,3968597.31,1299.596
3281,492025.158,3968598.326,1299.561
3281,492171.364,3968535.57,1301.346
3282,492169.331,3968535.735,1301.32
3282,492023.128,3968599.085,1299.574
3283,492020.942,3968599.62,1299.559
3283,492166.818,3968536.05,1301.158
3284,492018.949,3968600.338,1299.557
3284,492164.595,3968536.37,1301.105
3285,492162.329,3968536.596,1301.064
3285,492016.499,3968601.202,1299.524
3286,492159.869,3968536.778,1301.119
3286,492014.227,3968599.903,1299.523
3287,492157.469,3968537.262,1301.014
3287,492013.04,3968597.955,1299.403
3288,492155.14,3968537.672,1300.92
3288,492012.089,3968595.454,1299.29
3289,492152.899,3968538.132,1300.872
3289,492012.035,3968593.186,1299.129
3290,492014.011,3968592.194,1299.033
3290,492150.484,3968538.551,1300.752
3291,492015.944,3968591.293,1299.087
3291,492148.128,3968538.948,1300.604
3292,492018.024,3968590.173,1299.078
3292,492145.645,3968539.583,1300.507
3293,492020.395,3968589.209,1299.053
3293,492143.428,3968540.016,1300.383
3294,492140.975,3968540.47,1300.281
3294,492022.783,3968588.15,1299.1
3295,492138.647,3968541.038,1300.136
3295,492025.509,3968587.361,1299.099
3296,492028.109,3968586.485,1299.087
3296,492136.23,3968541.436,1300.041
3297,492133.936,3968542.128,1299.937
3297,492031.003,3968585.719,1299.122
3298,492131.553,3968542.711,1299.864
3298,492033.791,3968584.858,1299.202
3299,492129.161,3968543.473,1299.803
3299,492036.708,3968583.994,1299.261
3300,492127.011,3968544.193,1299.687
3300,492039.537,3968582.985,1299.255
3301,492124.681,3968545.389,1299.579
3301,492042.181,3968582.314,1299.336
3302,492122.613,3968546.486,1299.504
3302,492044.858,3968581.181,1299.437
3303,492120.131,3968547.917,1299.472
3303,492047.64,3968580.169,1299.388
3304,492118.188,3968548.93,1299.451
3304,492050.546,3968579.093,1299.44
3305,492116.073,3968549.809,1299.415
3305,492053.331,3968578.128,1299.482
3306,492055.995,3968577.339,1299.505
3306,492113.984,3968550.697,1299.346
3307,492058.657,3968576.525,1299.566
3307,492111.794,3968551.625,1299.325
3308,492061.152,3968575.86,1299.623
3308,492109.639,3968552.406,1299.258
3309,492063.275,3968575.392,1299.638
3309,492107.44,3968553.608,1299.317
3310,492065.568,3968574.824,1299.643
3310,492105.404,3968554.896,1299.413
3311,492103.299,3968556.003,1299.433
3311,492068.058,3968574.215,1299.674
3312,492070.543,3968573.383,1299.694
3312,492101.184,3968556.969,1299.473
3313,492086.163,3968565.045,1299.618
3314,492086.309,3968565.215,1299.612
3315,492086.677,3968565.503,1299.638
3316,492087.11,3968565.752,1299.661
3317,492087.509,3968565.886,1299.658
3318,492087.828,3968565.98,1299.681
3319,492088.313,3968566.187,1299.692
3320,492088.244,3968566.462,1299.72
3321,492088.598,3968566.545,1299.75
3322,492088.899,3968566.671,1299.758
3323,492089.175,3968566.604,1299.791
3324,492104.666,3968565.058,1300.082
3324,492074,3968568.531,1299.466
3325,492107.179,3968564.321,1300.088
3325,492071.68,3968569.116,1299.481
3326,492109.742,3968563.307,1300.108
3326,492069.306,3968570.005,1299.52
3327,492112.349,3968562.46,1300.091
3327,492067.094,3968570.803,1299.48
3328,492115.052,3968561.782,1300.112
3328,492064.587,3968571.69,1299.436
3329,492062.279,3968572.4,1299.459
3329,492117.615,3968561.138,1300.134
3330,492059.939,3968573.302,1299.397
3330,492120.342,3968560.415,1300.155
3331,492057,3968574.27,1299.332
3331,492122.888,3968559.93,1300.203
3332,492053.412,3968575.805,1299.26
3332,492125.324,3968559.301,1300.233
3333,492051.058,3968577.024,1299.266
3333,492127.696,3968558.954,1300.364
3334,492048.804,3968578.143,1299.294
3334,492130.349,3968558.492,1300.432
3335,492132.883,3968558.209,1300.557
3335,492046.505,3968579.397,1299.261
3336,492135.878,3968557.61,1300.749
3336,492044.384,3968580.56,1299.321
3337,492042.112,3968581.561,1299.221
3337,492138.639,3968557.068,1300.927
3338,492141.209,3968556.501,1300.996
3338,492039.848,3968582.585,1299.165
3339,492037.532,3968583.598,1299.139
3339,492143.797,3968556.044,1301.077
3340,492146.308,3968555.574,1301.168
3340,492035.089,3968584.646,1299.104
3341,492148.931,3968555.102,1301.237
3341,492032.819,3968585.671,1299.101
3342,492151.617,3968554.518,1301.293
3342,492030.61,3968586.537,1299.114
3343,492028.395,3968587.388,1299.045
3343,492154.332,3968554.038,1301.366
3344,492025.6,3968588.635,1299.074
3344,492158.2,3968553.528,1301.448
3345,492022.6,3968590.099,1299.169
3345,492160.882,3968552.941,1301.445
3346,492020.401,3968591.323,1299.165
3346,492163.299,3968552.522,1301.522
3347,492018.437,3968592.548,1299.203
3347,492165.961,3968552.038,1301.592
3348,492016.277,3968593.598,1299.188
3348,492168.316,3968551.688,1301.506
3349,492014.221,3968594.842,1299.203
3349,492170.807,3968551.32,1301.567
3350,492012.067,3968596.03,1299.188
3350,492173.671,3968551.059,1301.651
3351,492175.98,3968550.913,1301.692
3351,492010.076,3968597.293,1299.175
3352,492178.184,3968550.566,1301.755
3352,492008.307,3968598.578,1299.22
3353,492180.382,3968550.37,1301.69
3353,492006.522,3968599.779,1299.246
3354,492003.901,3968600.862,1299.263
3354,492178.276,3968549.113,1301.721
3355,492178.548,3968546.984,1301.644
3355,492001.978,3968599.049,1299.179
3356,492175.286,3968546.895,1301.512
3356,492000.737,3968597.274,1299.115
3357,492172.688,3968547.376,1301.55
3357,492000.655,3968594.444,1298.953
3358,492170.067,3968547.895,1301.458
3358,492002.054,3968592.972,1298.909
3359,492003.798,3968591.729,1298.826
3359,492167.284,3968548.449,1301.349
3360,492164.414,3968549.036,1301.327
3360,492005.73,3968590.555,1298.812
3361,492007.724,3968589.35,1298.81
3361,492161.495,3968549.715,1301.259
3362,492009.644,3968588.297,1298.781
3362,492159.031,3968550.471,1301.171
3363,492011.687,3968587.413,1298.772
3363,492156.48,3968551.013,1301.178
3364,492013.734,3968586.592,1298.747
3364,492154.152,3968551.595,1301.13
3365,492151.653,3968552.006,1301.156
3365,492015.722,3968585.6,1298.757
3366,492149.25,3968552.368,1301.099
3366,492017.898,3968584.464,1298.707
3367,492146.593,3968552.812,1300.976
3367,492019.982,3968583.397,1298.719
3368,492021.983,3968582.447,1298.694
3368,492143.914,3968553.36,1300.908
3369,492024.03,3968581.382,1298.741
3369,492141.083,3968553.956,1300.792
3370,492026.098,3968580.304,1298.745
3370,492138.363,3968554.636,1300.606
3371,492028.468,3968578.937,1298.814
3371,492135.791,3968555.614,1300.484
3372,492030.763,3968577.715,1298.858
3372,492132.543,3968556.826,1300.359
3373,492130.002,3968557.598,1300.203
3373,492032.981,3968576.519,1298.872
3374,492035.314,3968575.531,1298.907
3374,492127.46,3968558.212,1300.176
3375,492124.771,3968559.011,1299.999
3375,492037.467,3968574.749,1298.953
3376,492039.683,3968573.978,1298.964
3376,492122.157,3968559.668,1300.002
3377,492042.38,3968573.122,1299.077
3377,492119.667,3968560.454,1299.921
3378,492117.151,3968561.209,1299.958
3378,492044.967,3968572.338,1299.1
3379,492047.612,3968571.563,1299.114
3379,492114.617,3968561.705,1299.954
3380,492050.16,3968570.902,1299.155
3380,492112.164,3968562.284,1299.867
3381,492053.129,3968569.852,1299.18
3381,492109.621,3968562.661,1299.917
3382,492106.935,3968563.322,1299.833
3382,492056.022,3968568.805,1299.155
3383,492104.538,3968564.155,1299.915
3383,492058.217,3968568.056,1299.187
3384,492102.152,3968564.829,1299.876
3384,492060.17,3968567.595,1299.335
3385,492100.15,3968565.334,1299.88
3385,492062.383,3968567.119,1299.372
3386,492064.396,3968566.592,1299.351
3386,492097.911,3968566.147,1299.891
3387,492081.155,3968566.432,1299.59
3388,492081.084,3968566.37,1299.543
3389,492080.943,3968566.381,1299.528
3390,492080.851,3968566.462,1299.551
3391,492080.69,3968566.405,1299.465
3392,492080.643,3968566.444,1299.477
3393,492080.693,3968566.583,1299.435
3394,492080.767,3968566.723,1299.484
3395,492080.583,3968566.701,1299.497
3396,492080.786,3968566.619,1299.511
3397,492080.568,3968566.81,1299.511
3398,492080.586,3968566.782,1299.489
3399,492094.715,3968558.569,1299.444
3399,492066.364,3968575.8,1299.613
3400,492063.917,3968576.734,1299.55
3400,492096.543,3968557.636,1299.47
3401,492061.7,3968577.755,1299.564
3401,492098.823,3968556.381,1299.497
3402,492059.3,3968578.884,1299.464
3402,492101.349,3968555.069,1299.442
3403,492103.27,3968554.186,1299.385
3403,492057.097,3968579.985,1299.536
3404,492105.815,3968553.047,1299.311
3404,492054.751,3968580.859,1299.47
3405,492108.313,3968552.588,1299.24
3405,492052.704,3968581.64,1299.475
3406,492050.345,3968582.507,1299.429
3406,492110.143,3968551.759,1299.236
3407,492048.305,3968583.303,1299.456
3407,492112.441,3968551.069,1299.282
3408,492114.58,3968550.407,1299.311
3408,492045.978,3968584.063,1299.381
3409,492043.619,3968584.789,1299.389
3409,492116.895,3968549.541,1299.384
3410,492041.707,3968585.777,1299.324
3410,492119.161,3968548.767,1299.407
3411,492121.811,3968547.917,1299.448
3411,492039.49,3968586.572,1299.292
3412,492037.238,3968587.225,1299.251
3412,492123.985,3968547.13,1299.573
3413,492034.697,3968588.065,1299.139
3413,492126.211,3968546.432,1299.673
3414,492128.903,3968545.79,1299.74
3414,492032.261,3968588.889,1299.144
3415,492130.992,3968545.088,1299.852
3415,492030.123,3968589.97,1299.189
3416,492133.206,3968544.529,1299.929
3416,492027.837,3968590.857,1299.158
3417,492135.807,3968543.924,1300.065
3417,492025.429,3968591.686,1299.189
3418,492138.097,3968543.398,1300.16
3418,492023.293,3968592.783,1299.219
3419,492020.997,3968593.918,1299.127
3419,492140.538,3968542.887,1300.249
3420,492018.966,3968595.168,1299.198
3420,492143.107,3968542.53,1300.366
3421,492016.646,3968596.503,1299.128
3421,492145.4,3968541.923,1300.461
3422,492014.577,3968597.699,1299.209
3422,492147.751,3968541.277,1300.646
3423,492150.089,3968540.786,1300.669
3423,492012.375,3968598.879,1299.186
3424,492152.421,3968540.099,1300.81
3424,492010.385,3968600.208,1299.231
3425,492154.847,3968539.611,1300.923
3425,492008.509,3968601.47,1299.252
3426,492006.372,3968602.53,1299.207
3426,492157.037,3968539.034,1301.02
3427,492004.321,3968603.84,1299.301
3427,492159.411,3968538.559,1301.048
3428,492002.178,3968602.908,1299.246
3428,492161.871,3968538.072,1301.055
3429,492001.4,3968600.414,1299.143
3429,492164.218,3968537.739,1301.073
3430,492003.018,3968598.922,1299.116
3430,492166.616,3968537.254,1301.167
3431,492004.807,3968597.385,1299.071
3431,492168.953,3968536.797,1301.226
3432,492006.681,3968596.059,1299.068
3432,492171.327,3968536.485,1301.222
3433,492173.55,3968536.228,1301.342
3433,492008.713,3968594.687,1298.954
3434,492175.861,3968535.818,1301.369
3434,492010.846,3968593.488,1298.972
3435,492178.052,3968535.461,1301.448
3435,492012.957,3968592.226,1298.878
3436,492014.954,3968590.979,1298.92
3436,492181.271,3968535.013,1301.529
3437,492017.136,3968589.679,1298.894
3437,492183.295,3968534.629,1301.524
3438,492019.42,3968588.705,1298.93
3438,492183.313,3968532.208,1301.511
3439,492022.017,3968587.861,1298.917
3439,492183.548,3968529.602,1301.672
3440,492183.893,3968527.359,1301.565
3440,492024.6,3968586.867,1298.884
3441,492183.02,3968525.524,1301.431
3441,492026.882,3968586.054,1298.979
3442,492182.843,3968523.229,1301.395
3442,492029.344,3968585.231,1298.97
3443,492182.223,3968521.244,1301.345
3443,492031.616,3968584.455,1298.995
3444,492179.606,3968521.215,1301.399
3444,492033.921,3968583.663,1299.108
3445,492036.189,3968582.751,1299.087
3445,492177.211,3968521.59,1301.243
3446,492174.471,3968521.951,1301.103
3446,492038.275,3968581.826,1299.159
3447,492040.544,3968580.91,1299.127
3447,492172.115,3968522.085,1301.001
3448,492042.79,3968580.007,1299.228
3448,492169.468,3968522.231,1300.902
3449,492167.026,3968522.332,1300.849
3449,492045.017,3968579.062,1299.282
3450,492164.85,3968522.428,1300.792
3450,492047.151,3968578.092,1299.277
3451,492049.612,3968576.969,1299.239
3451,492162.028,3968522.564,1300.77
3452,492159.932,3968522.524,1300.68
3452,492051.699,3968575.992,1299.252
3453,492157.878,3968522.647,1300.646
3453,492053.957,3968575.146,1299.297
3454,492056.205,3968574.198,1299.291
3454,492155.562,3968522.788,1300.596
3455,492058.465,3968573.245,1299.376
3455,492153.522,3968523.082,1300.514
3456,492151.043,3968523.468,1300.361
3456,492060.833,3968572.495,1299.376
3457,492063.212,3968571.744,1299.502
3457,492148.433,3968523.877,1300.096
3458,492065.5,3968571.054,1299.438
3458,492146.206,3968524.424,1299.947
3459,492143.852,3968524.936,1299.774
3459,492068.699,3968570.112,1299.485
3460,492071.085,3968569.58,1299.528
3460,492141.421,3968525.486,1299.626
3461,492138.994,3968526.158,1299.571
3461,492073.363,3968568.946,1299.515
3462,492136.26,3968526.874,1299.537
3462,492075.606,3968568.431,1299.462
3463,492133.777,3968527.608,1299.504
3463,492078.424,3968567.614,1299.516
3464,492080.576,3968567.129,1299.526
3464,492131.26,3968528.345,1299.404
3465,492082.602,3968566.276,1299.481
3465,492128.775,3968529.028,1299.295
3466,492084.795,3968565.857,1299.546
3466,492126.64,3968529.382,1299.266
3467,492124.141,3968530.203,1299.168
3467,492086.942,3968565.66,1299.58
3468,492089.835,3968564.606,1299.627
3468,492121.711,3968530.946,1299.045
3469,492091.974,3968563.534,1299.593
3469,492119.27,3968531.711,1298.913
3470,492095.176,3968562.412,1299.648
3470,492116.676,3968532.414,1298.93
3471,492114.549,3968532.502,1298.79
3471,492097.438,3968561.855,1299.702
3472,492099.644,3968561.272,1299.726
3472,492112.133,3968532.984,1298.702
3473,492105.72,3968546.974,1299.155
3474,492105.67,3968546.704,1299.136
3475,492105.38,3968546.493,1299.11
3476,492105.176,3968546.393,1299.058
3477,492104.588,3968546.532,1299.061
3478,492104.293,3968546.721,1298.98
3479,492104.473,3968546.678,1299.012
3480,492090.44,3968538.165,1298.302
3480,492117.844,3968555.317,1299.664
3481,492087.651,3968539.403,1298.262
3481,492120.079,3968554.969,1299.795
3482,492085.272,3968540.084,1298.364
3482,492122.402,3968554.953,1299.848
3483,492083.283,3968540.697,1298.348
3483,492124.75,3968554.643,1299.913
3484,492081.24,3968541.359,1298.34
3484,492126.775,3968553.878,1299.965
3485,492078.511,3968542.299,1298.325
3485,492128.77,3968552.943,1300.003
3486,492131.066,3968552.292,1300.033
3486,492075.917,3968543.538,1298.343
3487,492073.387,3968544.387,1298.274
3487,492133.296,3968551.241,1300.153
3488,492070.848,3968545.208,1298.261
3488,492135.335,3968550.459,1300.227
3489,492068.371,3968546.154,1298.193
3489,492137.617,3968549.9,1300.312
3490,492066.114,3968547.05,1298.21
3490,492139.875,3968549.247,1300.453
3491,492063.57,3968548.38,1298.232
3491,492142.425,3968548.341,1300.532
3492,492144.854,3968547.576,1300.684
3492,492060.861,3968549.421,1298.292
3493,492147.232,3968547.099,1300.777
3493,492058.843,3968550.044,1298.315
3494,492056.338,3968550.607,1298.286
3494,492149.49,3968546.582,1300.876
3495,492054.063,3968551.461,1298.268
3495,492151.503,3968545.95,1300.94
3496,492153.672,3968545.668,1300.991
3496,492052.103,3968552.323,1298.316
3497,492049.705,3968552.391,1298.24
3497,492155.666,3968545.237,1301.041
3498,492157.926,3968544.751,1301.115
3498,492047.769,3968553.098,1298.239
3499,492045.232,3968552.696,1298.24
3499,492160.002,3968544.486,1301.191
3500,492162.201,3968544.012,1301.239
3500,492043.682,3968550.996,1298.089
3501,492042.612,3968549.111,1298.032
3501,492164.599,3968543.695,1301.244
3502,492042.757,3968551.554,1298.083
3502,492166.751,3968543.148,1301.254
3503,492042.511,3968553.564,1298.105
3503,492169.132,3968542.429,1301.324
3504,492040.494,3968554.148,1298.19
3504,492171.395,3968541.768,1301.27
3505,492037.683,3968554.943,1298.265
3505,492173.723,3968541.236,1301.375
3506,492176.132,3968540.649,1301.45
3506,492035.731,3968555.496,1298.29
3507,492178.272,3968540.24,1301.489
3507,492033.698,3968555.964,1298.287
3508,492180.266,3968539.971,1301.586
3508,492031.662,3968556.756,1298.284
3509,492029.729,3968557.662,1298.25
3509,492180.553,3968537.908,1301.667
3510,492180.132,3968534.886,1301.706
3510,492027.627,3968558.366,1298.209
3511,492179.649,3968532.816,1301.617
3511,492025.708,3968558.993,1298.19
3512,492179.018,3968530.851,1301.567
3512,492023.514,3968559.564,1298.164
3513,492176.189,3968529.909,1301.37
3513,492021.524,3968560.119,1298.128
3514,492173.89,3968530.317,1301.18
3514,492019.187,3968560.753,1298.042
3515,492171.758,3968530.661,1301.168
3515,492017.029,3968561.167,1298.007
3516,492169.072,3968531.109,1301.096
3516,492014.312,3968561.75,1297.909
3517,492166.277,3968531.797,1301.069
3517,492012.211,3968562.152,1297.869
3518,492163.548,3968532.349,1301.019
3518,492009.92,3968562.236,1297.85
3519,492161.137,3968532.856,1300.959
3519,492007.802,3968562.515,1297.769
3520,492158.64,3968533.588,1300.941
3520,492005.539,3968562.998,1297.706
3521,492156.216,3968534.349,1300.904
3521,492003.536,3968563.276,1297.691
3522,492153.98,3968535.014,1300.87
3522,492001.436,3968563.884,1297.626
3523,492151.55,3968535.544,1300.708
3523,491999.055,3968564.505,1297.581
3524,492149.049,3968536.138,1300.556
3524,491996.931,3968565.139,1297.548
3525,491994.648,3968565.764,1297.493
3525,492146.318,3968536.636,1300.339
3526,492143.68,3968537.118,1300.206
3526,491992.49,3968566.42,1297.51
3527,491990.289,3968567.157,1297.554
3527,492141.125,3968537.637,1300.012
3528,491988.297,3968567.878,1297.603
3528,492139.041,3968538.431,1300.045
3529,491985.521,3968568.828,1297.668
3529,492136.691,3968539.225,1299.938
3530,491983.445,3968569.924,1297.682
3530,492134.192,3968540.02,1299.855
3531,491981.559,3968571.056,1297.68
3531,492132.027,3968540.775,1299.779
3532,491978.809,3968572.184,1297.64
3532,492129.64,3968541.544,1299.759
3533,491976.144,3968573.228,1297.626
3533,492127.52,3968542.208,1299.651
3534,491973.979,3968573.87,1297.583
3534,492124.307,3968543.288,1299.508
3535,491971.813,3968574.347,1297.54
3535,492122.159,3968544.15,1299.499
3536,491969.935,3968573.583,1297.422
3536,492119.345,3968545.468,1299.401
3537,492117.2,3968546.559,1299.368
3537,491968.5,3968571.219,1297.155
3538,491966.256,3968569.93,1297.125
3538,492115.168,3968547.675,1299.342
3539,492113.086,3968548.578,1299.26
3539,491964.944,3968568.241,1296.865
3540,492110.873,3968549.701,1299.24
3540,491967.15,3968567.23,1296.927
3541,492108.588,3968550.86,1299.132
3541,491968.812,3968565.879,1297.056
3542,491971.337,3968564.504,1297.129
3542,492106.489,3968551.81,1299.193
3543,491973.728,3968563.446,1297.125
3543,492104.299,3968552.854,1299.226
3544,492101.979,3968553.874,1299.296
3544,491976.654,3968562.18,1297.198
3545,491979.472,3968560.969,1297.33
3545,492099.832,3968555.033,1299.473
3546,492097.717,3968556.102,1299.385
3546,491982.174,3968559.901,1297.313
3547,492095.624,3968556.819,1299.442
3547,491984.778,3968559.016,1297.272
3548,491986.882,3968558.145,1297.25
3548,492093.595,3968557.524,1299.416
3549,492091.036,3968558.611,1299.38
3549,491989.118,3968557.081,1297.159
3550,491991.208,3968556.158,1297.248
3550,492088.929,3968559.713,1299.432
3551,492086.828,3968560.582,1299.386
3551,491993.48,3968555.494,1297.311
3552,492084.493,3968561.069,1299.325
3552,491995.657,3968554.846,1297.325
3553,492082.168,3968561.826,1299.318
3553,491998.08,3968554.497,1297.43
3554,492000.386,3968554.434,1297.487
3554,492080.026,3968562.847,1299.324
3555,492077.743,3968563.828,1299.315
3555,492002.619,3968553.616,1297.456
3556,492075.581,3968564.805,1299.333
3556,492004.821,3968552.996,1297.526
3557,492007.096,3968552.515,1297.581
3557,492073.432,3968565.668,1299.352
3558,492071.157,3968566.637,1299.38
3558,492010,3968551.586,1297.588
3559,492012.262,3968551.112,1297.65
3559,492068.886,3968567.681,1299.4
3560,492066.449,3968568.596,1299.394
3560,492014.275,3968550.537,1297.683
3561,492016.622,3968550.04,1297.716
3561,492063.94,3968569.379,1299.399
3562,492061.394,3968570.271,1299.327
3562,492018.8,3968549.774,1297.763
3563,492058.94,3968571.283,1299.329
3563,492020.861,3968549.179,1297.768
3564,492023.055,3968548.852,1297.814
3564,492056.461,3968572.169,1299.322
3565,492025.922,3968548.042,1297.796
3565,492054.234,3968573.124,1299.298
3566,492028.352,3968547.409,1297.803
3566,492050.662,3968574.422,1299.255
3567,492030.592,3968546.901,1297.811
3567,492048.174,3968575.433,1299.246
3568,492032.884,3968546.146,1297.791
3568,492045.732,3968576.335,1299.239
3569,492035.113,3968545.315,1297.79
3569,492043.363,3968577.145,1299.197
3570,492037.144,3968544.753,1297.839
3570,492040.967,3968578.101,1299.109
3571,492038.81,3968579.288,1299.057
3571,492039.115,3968544.046,1297.853
3572,492036.533,3968580.422,1299.046
3572,492041.186,3968543.602,1297.881
3573,492043.283,3968542.604,1297.868
3573,492034.345,3968581.428,1299.061
3574,492045.561,3968542.001,1297.876
3574,492031.842,3968582.483,1298.991
3575,492047.916,3968541.429,1297.834
3575,492028.757,3968583.775,1298.969
3576,492050.271,3968540.965,1297.852
3576,492026.456,3968584.724,1298.886
3577,492052.418,3968540.142,1297.812
3577,492024.229,3968585.739,1298.951
3578,492054.743,3968539.124,1297.775
3578,492020.664,3968587.258,1298.912
3579,492057.087,3968538.546,1297.763
3579,492018.553,3968588.331,1298.944
3580,492059.613,3968537.838,1297.807
3580,492016.414,3968589.523,1298.931
3581,492014.368,3968590.669,1298.998
3581,492061.712,3968536.991,1297.868
3582,492064.056,3968536.473,1297.852
3582,492012.017,3968592.149,1298.981
3583,492010.082,3968593.467,1298.987
3583,492066.371,3968535.79,1297.925
3584,492007.856,3968594.777,1299.003
3584,492068.68,3968534.73,1297.918
3585,492006.114,3968596.102,1299.048
3585,492070.991,3968533.958,1297.869
3586,492073.503,3968533.11,1297.958
3586,492004.224,3968597.437,1299.11
3587,492075.625,3968532.447,1297.951
3587,492002.013,3968597.621,1299.175
3588,492077.855,3968531.676,1297.899
3588,491999.737,3968595.12,1299.008
3589,492079.813,3968530.998,1297.918
3589,491998.275,3968593.06,1298.826
3590,491999.418,3968590.951,1298.807
3590,492081.643,3968530.188,1297.922
3591,492000.905,3968589.14,1298.783
3591,492084.695,3968528.719,1297.919
3592,492086.729,3968528.002,1297.927
3592,492002.214,3968587.336,1298.71
3593,492004.213,3968586.031,1298.657
3593,492089.001,3968526.782,1298.037
3594,492006.199,3968584.851,1298.644
3594,492090.989,3968525.486,1298.043
3595,492008.243,3968583.514,1298.639
3595,492093.562,3968524.117,1298.022
3596,492010.297,3968582.693,1298.622
3596,492095.538,3968523.334,1298.109
3597,492012.476,3968581.825,1298.604
3597,492097.474,3968522.64,1298.13
3598,492099.58,3968522.104,1298.22
3598,492014.731,3968580.711,1298.522
3599,492016.907,3968579.91,1298.587
3599,492101.537,3968521.55,1298.252
3600,492103.51,3968521.013,1298.294
3600,492019.429,3968578.776,1298.631
3601,492105.681,3968520.322,1298.348
3601,492021.448,3968577.925,1298.605
3602,492023.768,3968576.861,1298.605
3602,492107.818,3968519.893,1298.383
3603,492109.941,3968519.193,1298.47
3603,492026.044,3968575.886,1298.606
3604,492112.182,3968518.834,1298.547
3604,492028.044,3968574.702,1298.675
3605,492114.549,3968518.252,1298.601
3605,492029.936,3968573.916,1298.685
3606,492032.152,3968572.97,1298.73
3606,492116.669,3968517.476,1298.717
3607,492118.863,3968516.909,1298.784
3607,492034.194,3968572.117,1298.796
3608,492036.535,3968571.108,1298.889
3608,492121.385,3968516.186,1298.852
3609,492123.889,3968515.334,1298.897
3609,492039.114,3968570.268,1298.948
3610,492126.536,3968514.678,1298.887
3610,492041.642,3968569.368,1298.943
3611,492129.294,3968514.364,1298.928
3611,492044,3968568.777,1298.963
3612,492046.09,3968567.956,1298.948
3612,492132.095,3968513.862,1298.959
3613,492048.123,3968567.334,1298.977
3613,492134.767,3968513.193,1299.08
3614,492136.739,3968512.535,1299.189
3614,492050.281,3968566.701,1299.081
3615,492052.478,3968565.92,1299.06
3615,492138.688,3968512.019,1299.237
3616,492141.506,3968511.212,1299.402
3616,492054.874,3968565.418,1299.1
3617,492057.116,3968565.017,1299.144
3617,492143.507,3968510.397,1299.535
3618,492059.365,3968564.421,1299.172
3618,492145.397,3968509.658,1299.669
3619,492061.647,3968563.801,1299.115
3619,492147.608,3968509.039,1299.751
3620,492149.892,3968508.41,1299.871
3620,492063.838,3968563.103,1299.151
3621,492152.302,3968507.811,1300.019
3621,492066.036,3968562.288,1299.1
3622,492068.434,3968561.577,1299.154
3622,492154.642,3968507.436,1300.132
3623,492156.987,3968506.914,1300.23
3623,492071.174,3968560.577,1299.105
3624,492160.69,3968506.317,1300.354
3624,492073.48,3968559.673,1299.034
3625,492075.669,3968558.817,1299.08
3625,492163.259,3968505.846,1300.371
3626,492165.524,3968505.494,1300.463
3626,492077.836,3968557.865,1299.079
3627,492080.004,3968557.362,1299.059
3627,492167.873,3968505.223,1300.543
3628,492083.975,3968556.117,1299.094
3628,492170.156,3968504.805,1300.552
3629,492172.489,3968504.637,1300.591
3629,492086.583,3968555.016,1299.091
3630,492174.627,3968504.394,1300.634
3630,492089.157,3968554.072,1299.117
3631,492091.802,3968553.281,1299.143
3631,492176.846,3968504.251,1300.732
3632,492178.986,3968504.227,1300.763
3632,492094.31,3968552.455,1299.167
3633,492181.58,3968504.304,1300.82
3633,492096.397,3968551.886,1299.092
3634,492098.59,3968551.328,1299.025
3635,492100.714,3968550.594,1298.965
3636,492102.929,3968549.793,1298.949
3637,492105.167,3968549.016,1298.954
3638,492107.607,3968548.055,1299.019
3639,492110.113,3968547.274,1299.111
3640,492112.696,3968546.335,1299.164
3641,492115.4,3968545.465,1299.229
3642,492118.008,3968544.755,1299.288
3643,492120.39,3968544.175,1299.495
3644,492122.808,3968543.454,1299.567
3645,492125.217,3968542.564,1299.632
3646,492127.919,3968541.486,1299.702
3647,492130.193,3968540.709,1299.707
3648,492132.551,3968540,1299.793
3649,492134.84,3968539.234,1299.884
3650,492137.269,3968538.691,1299.968
3651,492139.677,3968537.808,1300.077
3652,492142.15,3968536.829,1300.154
3653,492144.546,3968536.214,1300.292
3654,492146.714,3968535.758,1300.411
3655,492150.149,3968534.867,1300.617
3656,492152.458,3968534.505,1300.781
3657,492155.048,3968534.05,1300.925
3658,492157.336,3968533.625,1300.99
3659,492159.967,3968533.14,1300.999
3660,492162.588,3968532.554,1301.003
3661,492166.281,3968531.983,1301.042
3662,492170.083,3968531.33,1301.142
3663,492172.641,3968530.873,1301.198
3664,492174.967,3968530.444,1301.293
3665,492177.175,3968530.301,1301.34
3666,492179.559,3968530.155,1301.482
3667,492181.8,3968529.801,1301.584
3668,492182.866,3968527.766,1301.571
3669,492182.658,3968525.637,1301.446
3670,492180.292,3968525.238,1301.449
3671,492177.872,3968525.374,1301.306
3672,492175.107,3968525.457,1301.232
3673,492171.225,3968525.683,1301.065
3674,492168.994,3968525.825,1300.931
3675,492166.693,3968526.122,1300.875
3676,492163.087,3968526.583,1300.828
3677,492160.736,3968526.798,1300.877
3678,492158.057,3968527.119,1300.868
3679,492155.535,3968527.383,1300.8
3680,492152.922,3968527.779,1300.666
3681,492150.346,3968528.267,1300.483
3682,492147.849,3968528.78,1300.315
3683,492145.436,3968529.158,1300.168
3684,492143.269,3968529.475,1300.004
3685,492141.233,3968529.676,1299.902
3686,492138.978,3968530.073,1299.818
3687,492136.669,3968530.354,1299.758
3688,492133.968,3968530.587,1299.69
3689,492131.213,3968531.284,1299.61
3690,492128.447,3968531.888,1299.521
3691,492125.755,3968532.474,1299.375
3692,492123.084,3968533.025,1299.228
3693,492120.468,3968533.508,1299.107
3694,492117.895,3968534.143,1299.001
3695,492115.542,3968534.679,1298.949
3696,492113.097,3968535.194,1298.927
3697,492110.431,3968535.577,1298.817
3698,492108.123,3968535.935,1298.731
3699,492105.637,3968536.383,1298.664
3700,492103.207,3968537.513,1298.646
3701,492100.564,3968538.874,1298.572
3702,492097.742,3968539.877,1298.505
3703,492095.825,3968540.524,1298.497
3704,492093.845,3968541.082,1298.542
3705,492091.292,3968541.627,1298.568
3706,492089.3,3968542.117,1298.556
3707,492087.349,3968542.652,1298.57
3708,492085.349,3968543.237,1298.576
3709,492083.343,3968543.788,1298.562
3710,492081.451,3968544.526,1298.603
3711,492078.812,3968545.448,1298.593
3712,492076.482,3968546.24,1298.54
3713,492074.233,3968546.899,1298.538
3714,492071.54,3968547.569,1298.483
3715,492068.888,3968548.42,1298.454
3716,492066.575,3968549.826,1298.456
3717,492064.737,3968550.903,1298.461
3718,492062.721,3968551.667,1298.45
3719,492060.773,3968552.183,1298.455
3720,492058.213,3968552.642,1298.45
3721,492055.978,3968553.263,1298.436
3722,492053.351,3968554.162,1298.551
3723,492050.92,3968555.409,1298.573
3724,492047.978,3968555.074,1298.53
3725,492045.481,3968554.411,1298.535
3726,492044.939,3968556.582,1298.556
3727,492042.526,3968555.761,1298.521
3728,492041.028,3968554.29,1298.325
3729,492041.339,3968556.53,1298.43
3730,492038.921,3968557.766,1298.516
3731,492036.258,3968558.38,1298.476
3732,492033.705,3968559.598,1298.489
3733,492031.785,3968560.222,1298.495
3734,492029.946,3968561.07,1298.46
3735,492026.936,3968561.99,1298.399
3736,492024.641,3968562.748,1298.366
3737,492022.477,3968563.372,1298.277
3738,492020.264,3968563.886,1298.35
3739,492018.248,3968564.272,1298.28
3740,492015.697,3968564.666,1298.158
3741,492013.397,3968565.197,1298.112
3742,492011.38,3968565.712,1298.019
3743,492008.399,3968566.514,1297.892
3744,492005.475,3968567.241,1297.854
3745,492003.139,3968567.756,1297.849
3746,492000.937,3968568.12,1297.858
3747,491998.67,3968568.727,1297.8
3748,491996.263,3968569.32,1297.685
3749,491994.092,3968569.827,1297.771
3750,491991.644,3968570.494,1297.727
3751,491989.692,3968571.174,1297.82
3752,491987.67,3968572.169,1297.851
3753,491984.8,3968573.207,1297.814
3754,491982.478,3968574.456,1297.807
3755,491979.128,3968576.455,1297.786
3756,491977.236,3968577.508,1297.837
3757,491974.583,3968578.661,1297.788
3758,491971.597,3968579.844,1297.738
3759,491969.056,3968578.846,1297.661
3760,491967.196,3968577.225,1297.56
3761,491966.414,3968574.966,1297.443
3762,491966.731,3968572.664,1297.282
3763,491967.353,3968570.585,1297.244
3764,491970.136,3968569.52,1297.289
3765,491973.342,3968568.593,1297.379
3766,491975.633,3968567.901,1297.427
3767,491977.797,3968567.333,1297.431
3768,491980.047,3968566.645,1297.503
3769,491982.858,3968565.679,1297.617
3770,491984.901,3968565.099,1297.623
3771,491987.027,3968564.425,1297.55
3772,491989.308,3968563.648,1297.436
3773,491992.611,3968562.504,1297.428
3774,491994.9,3968561.94,1297.477
3775,491996.942,3968561.577,1297.568
3776,491999.064,3968561.159,1297.565
3777,492001.081,3968560.579,1297.619
3778,492003.769,3968559.772,1297.657
3779,492006.655,3968558.81,1297.757
3780,492009.071,3968558.18,1297.81
3781,492011.324,3968557.587,1297.821
3782,492013.429,3968556.953,1297.866
3783,492015.702,3968556.376,1297.915
3784,492017.928,3968555.931,1297.924
3785,492020.038,3968555.41,1297.97
3786,492022.119,3968554.84,1298.015
3787,492024.175,3968554.232,1298.03
3788,492026.25,3968553.543,1298.061
3789,492028.24,3968552.774,1298.093
3790,492030.563,3968552.018,1298.021
3791,492032.798,3968551.292,1298.017
3792,492035.055,3968550.525,1298.019
3793,492037.077,3968549.67,1298
3794,492039.456,3968548.818,1298.002
3795,492042.001,3968547.947,1297.998
3796,492044.211,3968547.188,1298.027
3797,492046.142,3968546.561,1298.015
3798,492048.416,3968545.878,1297.986
3799,492050.799,3968545.153,1298.032
3800,492053.064,3968544.533,1298.031
3801,492055.543,3968543.743,1298.008
3802,492057.949,3968543.133,1297.986
3803,492060.283,3968542.487,1297.994
3804,492062.583,3968542.027,1298.01
3805,492065.134,3968541.558,1298.065
3806,492067.261,3968540.989,1298.147
3807,492070.067,3968540.189,1298.097
3808,492072.25,3968539.335,1298.081
3809,492074.813,3968538.357,1298.072
3810,492077.145,3968537.166,1298.08
3811,492079.053,3968536.564,1298.056
3812,492081.366,3968535.75,1298.049
3813,492083.573,3968534.841,1298.116
3814,492085.813,3968534.028,1298.267
3815,492088.001,3968532.965,1298.066
3816,492090.201,3968531.083,1298.145
3817,492092.267,3968529.532,1298.165
3818,492094.533,3968528.951,1298.212
3819,492096.56,3968528.579,1298.235
3820,492099.435,3968527.96,1298.291
3821,492101.561,3968527.688,1298.337
3822,492104.386,3968526.857,1298.378
3823,492106.464,3968526.066,1298.458
3824,492109.322,3968525.54,1298.54
3825,492111.395,3968524.973,1298.594
3826,492113.408,3968524.366,1298.641
3827,492116.048,3968523.616,1298.757
3828,492118.787,3968522.885,1298.849
3829,492121.326,3968522.288,1299.035
3830,492124.271,3968521.845,1299.075
3831,492126.389,3968521.459,1299.213
3832,492128.372,3968521.2,1299.259
3833,492130.491,3968520.72,1299.294
3834,492132.571,3968520.13,1299.236
3835,492135.424,3968519.054,1299.271
3836,492137.64,3968518.324,1299.306
3837,492139.82,3968517.502,1299.34
3838,492141.893,3968516.886,1299.422
3839,492143.992,3968515.955,1299.548
3840,492145.936,3968515.339,1299.738
3841,492147.95,3968514.754,1299.842
3842,492150.053,3968514.13,1299.973
3843,492152.22,3968513.868,1300.11
3844,492154.393,3968513.479,1300.245
3845,492156.552,3968513.183,1300.299
3846,492159.805,3968512.996,1300.378
3847,492161.991,3968512.807,1300.446
3848,492165.017,3968512.492,1300.463
3849,492167.144,3968512.329,1300.536
3850,492169.431,3968512.457,1300.63
3851,492171.511,3968512.383,1300.685
3852,492173.63,3968512.156,1300.804
3853,492175.851,3968511.74,1300.855
3854,492177.882,3968511.393,1300.865
3855,492179.716,3968510.578,1300.947
3856,492182.303,3968509.466,1300.94
S1,492215.7,3968523.48,1301.894
